{
  "adminKey": "f061eab7-a359-4960-b2c4-f383c1888b81",
  "createdAt": "2025-04-04T21:56:24.525Z",
  "logos": [
    {
      "id": "383cbd88-084f-49ea-9486-038b251589da",
      "path": "0e4c9ed5-e2a5-45a1-8e2b-d008a24fe035/1743803798064-260373676.png",
      "votes": [
        "MQ=="
      ],
      "description": "1"
    },
    {
      "id": "2607dc12-71f0-4612-b307-a39150233778",
      "path": "0e4c9ed5-e2a5-45a1-8e2b-d008a24fe035/1743803803214-488919766.png",
      "votes": [
        "MQ=="
      ],
      "description": "2"
    },
    {
      "id": "9fd6c412-1528-4440-aba7-2af1f456d519",
      "path": "0e4c9ed5-e2a5-45a1-8e2b-d008a24fe035/1743803832900-271534261.png",
      "votes": [
        "MQ=="
      ],
      "description": "3"
    },
    {
      "id": "b7018cb0-0dc5-4067-96c2-566e3bc1bdcd",
      "path": "0e4c9ed5-e2a5-45a1-8e2b-d008a24fe035/1743804454301-332220702.png",
      "votes": []
    },
    {
      "id": "b15008d0-805a-4872-900d-6e24bf719ca2",
      "path": "0e4c9ed5-e2a5-45a1-8e2b-d008a24fe035/1743804454302-362120846.png",
      "votes": []
    },
    {
      "id": "25c08b64-cc0e-4207-9625-2870c549b8e1",
      "path": "0e4c9ed5-e2a5-45a1-8e2b-d008a24fe035/1743804454304-797989699.png",
      "votes": []
    }
  ],
  "friendlyUrlName": "my-cool-event"
}